{
  "num_pts": 80,
  "pts": [
    [2.624635, 5.119649, -3.487426],
    [2.624635, -4.459678, -3.487426],
    [2.624635, 5.119649, 2.898792],
    [2.624635, -4.459678, 2.898792],
    [-3.761583, 5.119649, -3.487426],
    [-3.761583, -4.459678, -3.487426],
    [-3.761583, 5.119649, 2.898792],
    [-3.761583, -4.459678, 2.898792],
    [1.826358, 9.909313, -2.689149],
    [1.826358, 5.119649, -2.689149],
    [1.826358, 9.909313, 2.100515],
    [1.826358, 5.119649, 2.100515],
    [-2.963305, 9.909313, -2.689149],
    [-2.963305, 5.119649, -2.689149],
    [-2.963305, 9.909313, 2.100515],
    [-2.963305, 5.119649, 2.100515],
    [5.019467, 5.119649, -1.491733],
    [5.019467, 0.329986, -1.491733],
    [5.019467, 5.119649, 0.903099],
    [5.019467, 0.329986, 0.903099],
    [2.624635, 5.119649, -1.491733],
    [2.624635, 0.329986, -1.491733],
    [2.624635, 5.119649, 0.903099],
    [2.624635, 0.329986, 0.903099],
    [-3.761583, 5.119649, -1.491733],
    [-3.761583, 0.329986, -1.491733],
    [-3.761583, 5.119649, 0.903099],
    [-3.761583, 0.329986, 0.903099],
    [-6.156415, 5.119649, -1.491733],
    [-6.156415, 0.329986, -1.491733],
    [-6.156415, 5.119649, 0.903099],
    [-6.156415, 0.329986, 0.903099],
    [2.225497, -4.459678, -1.491733],
    [2.225497, -9.249342, -1.491733],
    [2.225497, -4.459678, 0.903099],
    [2.225497, -9.249342, 0.903099],
    [-0.169335, -4.459678, -1.491733],
    [-0.169335, -9.249342, -1.491733],
    [-0.169335, -4.459678, 0.903099],
    [-0.169335, -9.249342, 0.903099],
    [-0.967612, -4.459678, -1.491733],
    [-0.967612, -9.249342, -1.491733],
    [-0.967612, -4.459678, 0.903099],
    [-0.967612, -9.249342, 0.903099],
    [-3.362444, -4.459678, -1.491733],
    [-3.362444, -9.249342, -1.491733],
    [-3.362444, -4.459678, 0.903099],
    [-3.362444, -9.249342, 0.903099],
    [5.019467, 1.128263, -1.491733],
    [5.019467, -3.661401, -1.491733],
    [5.019467, 1.128263, 0.903099],
    [5.019467, -3.661401, 0.903099],
    [2.624635, 1.128263, -1.491733],
    [2.624635, -3.661401, -1.491733],
    [2.624635, 1.128263, 0.903099],
    [2.624635, -3.661401, 0.903099],
    [-3.761583, 1.128263, -1.491733],
    [-3.761583, -3.661401, -1.491733],
    [-3.761583, 1.128263, 0.903099],
    [-3.761583, -3.661401, 0.903099],
    [-6.156415, 1.128263, -1.491733],
    [-6.156415, -3.661401, -1.491733],
    [-6.156415, 1.128263, 0.903099],
    [-6.156415, -3.661401, 0.903099],
    [2.225497, -8.451064, -1.491733],
    [2.225497, -13.240727, -1.491733],
    [2.225497, -8.451064, 0.903099],
    [2.225497, -13.240727, 0.903099],
    [-0.169335, -8.451064, -1.491733],
    [-0.169335, -13.240727, -1.491733],
    [-0.169335, -8.451064, 0.903099],
    [-0.169335, -13.240727, 0.903099],
    [-0.967612, -8.451064, -1.491733],
    [-0.967612, -13.240727, -1.491733],
    [-0.967612, -8.451064, 0.903099],
    [-0.967612, -13.240727, 0.903099],
    [-3.362444, -8.451064, -1.491733],
    [-3.362444, -13.240727, -1.491733],
    [-3.362444, -8.451064, 0.903099],
    [-3.362444, -13.240727, 0.903099]
  ],
  "num_edge": 10,
  "edge": [
    {
      "num_face": 6,
      "topology": [
        [0, 4, 6, 2],
        [3, 2, 6, 7],
        [7, 6, 4, 5],
        [5, 1, 3, 7],
        [1, 0, 2, 3],
        [5, 4, 0, 1]
      ]
    },
    {
      "num_face": 6,
      "topology": [
        [8, 12, 14, 10],
        [11, 10, 14, 15],
        [15, 14, 12, 13],
        [13, 9, 11, 15],
        [9, 8, 10, 11],
        [13, 12, 8, 9]
      ]
    },
    {
      "num_face": 6,
      "topology": [
        [16, 20, 22, 18],
        [19, 18, 22, 23],
        [23, 22, 20, 21],
        [21, 17, 19, 23],
        [17, 16, 18, 19],
        [21, 20, 16, 17]
      ]
    },
    {
      "num_face": 6,
      "topology": [
        [24, 28, 30, 26],
        [27, 26, 30, 31],
        [31, 30, 28, 29],
        [29, 25, 27, 31],
        [25, 24, 26, 27],
        [29, 28, 24, 25]
      ]
    },
    {
      "num_face": 6,
      "topology": [
        [32, 36, 38, 34],
        [35, 34, 38, 39],
        [39, 38, 36, 37],
        [37, 33, 35, 39],
        [33, 32, 34, 35],
        [37, 36, 32, 33]
      ]
    },
    {
      "num_face": 6,
      "topology": [
        [40, 44, 46, 42],
        [43, 42, 46, 47],
        [47, 46, 44, 45],
        [45, 41, 43, 47],
        [41, 40, 42, 43],
        [45, 44, 40, 41]
      ]
    },
    {
      "num_face": 6,
      "topology": [
        [48, 52, 54, 50],
        [51, 50, 54, 55],
        [55, 54, 52, 53],
        [53, 49, 51, 55],
        [49, 48, 50, 51],
        [53, 52, 48, 49]
      ]
    },
    {
      "num_face": 6,
      "topology": [
        [56, 60, 62, 58],
        [59, 58, 62, 63],
        [63, 62, 60, 61],
        [61, 57, 59, 63],
        [57, 56, 58, 59],
        [61, 60, 56, 57]
      ]
    },
    {
      "num_face": 6,
      "topology": [
        [64, 68, 70, 66],
        [67, 66, 70, 71],
        [71, 70, 68, 69],
        [69, 65, 67, 71],
        [65, 64, 66, 67],
        [69, 68, 64, 65]
      ]
    },
    {
      "num_face": 6,
      "topology": [
        [72, 76, 78, 74],
        [75, 74, 78, 79],
        [79, 78, 76, 77],
        [77, 73, 75, 79],
        [73, 72, 74, 75],
        [77, 76, 72, 73]
      ]
    }
  ],
  "vertices": {
    "0": {
      "joint_point": [0, 0, 0],
      "sibling": null,
      "child": 1,
      "rotation_axis": 3,
      "max_degree": 180,
      "min_degree": 180,
      "start_degree": 0,
      "clockwise": 0
    },
    "1": {
      "joint_point": [0, 5.1, 0],
      "sibling": 2,
      "child": null,
      "rotation_axis": 1,
      "max_degree": 45,
      "min_degree": -45,
      "start_degree": 0,
      "clockwise": 1
    },
    "2": {
      "joint_point": [3.8, 4, 0],
      "sibling": 3,
      "child": 6,
      "rotation_axis": 0,
      "max_degree": 45,
      "min_degree": -45,
      "start_degree": 45,
      "clockwise": 0
    },
    "3": {
      "joint_point": [-5, 4, 0],
      "sibling": 4,
      "child": 7,
      "rotation_axis": 0,
      "max_degree": 45,
      "min_degree": -45,
      "start_degree": -45,
      "clockwise": 1
    },
    "4": {
      "joint_point": [1, -4, 0],
      "sibling": 5,
      "child": 8,
      "rotation_axis": 0,
      "max_degree": 45,
      "min_degree": -45,
      "start_degree": -45,
      "clockwise": 1
    },
    "5": {
      "joint_point": [-2, -4, 0],
      "sibling": null,
      "child": 9,
      "rotation_axis": 0,
      "max_degree": 45,
      "min_degree": -45,
      "start_degree": 45,
      "clockwise": 1
    },
    "6": {
      "joint_point": [3.8, 0.2, 0],
      "sibling": null,
      "child": null,
      "rotation_axis": 0,
      "max_degree": 0,
      "min_degree": -45,
      "start_degree": -45,
      "clockwise": 1
    },
    "7": {
      "joint_point": [-5, 0.2, 0],
      "sibling": null,
      "child": null,
      "rotation_axis": 0,
      "max_degree": 0,
      "min_degree": -45,
      "start_degree": 0,
      "clockwise": 0
    },
    "8": {
      "joint_point": [1, -9.2, 0],
      "sibling": null,
      "child": null,
      "rotation_axis": 0,
      "max_degree": 45,
      "min_degree": 0,
      "start_degree": 45,
      "clockwise": 0
    },
    "9": {
      "joint_point": [-2, -9.2, 0],
      "sibling": null,
      "child": null,
      "rotation_axis": 0,
      "max_degree": 45,
      "min_degree": 0,
      "start_degree": 0,
      "clockwise": 0
    }
  }
}
