{
    "num_pts": 64,
    "pts": [
        [
            -5.296003,
            -0.380195,
            0.702674
        ],
        [
            -5.296003,
            5.170503,
            0.702674
        ],
        [
            -3.102093,
            -0.380195,
            -5.741335
        ],
        [
            -3.102093,
            5.170503,
            -5.741335
        ],
        [
            3.081754,
            -0.380195,
            3.554943
        ],
        [
            3.081754,
            5.170503,
            3.554943
        ],
        [
            5.275664,
            -0.380195,
            -2.889067
        ],
        [
            5.275664,
            5.170503,
            -2.889067
        ],
        [
            2.682532,
            -0.882391,
            2.426487
        ],
        [
            2.682532,
            4.19226,
            2.426487
        ],
        [
            4.318045,
            -0.882391,
            -2.377385
        ],
        [
            4.318045,
            4.19226,
            -2.377385
        ],
        [
            7.486404,
            -0.882391,
            4.062
        ],
        [
            7.486404,
            4.19226,
            4.062
        ],
        [
            9.121918,
            -0.882391,
            -0.741872
        ],
        [
            9.121918,
            4.19226,
            -0.741872
        ],
        [
            2.230577,
            2.716571,
            4.199127
        ],
        [
            2.642807,
            2.716571,
            2.988313
        ],
        [
            0.601203,
            2.716571,
            3.644395
        ],
        [
            1.013433,
            2.716571,
            2.433581
        ],
        [
            2.230577,
            -1.337946,
            4.199127
        ],
        [
            2.642807,
            -1.337946,
            2.988313
        ],
        [
            0.601203,
            -1.337946,
            3.644395
        ],
        [
            1.013433,
            -1.337946,
            2.433581
        ],
        [
            -10.343389,
            0.42581,
            -1.658902
        ],
        [
            -10.343389,
            1.46164,
            -1.658902
        ],
        [
            -8.570912,
            0.42581,
            -6.865065
        ],
        [
            -8.570912,
            1.46164,
            -6.865065
        ],
        [
            -1.496739,
            0.42581,
            1.353004
        ],
        [
            -1.496739,
            1.46164,
            1.353004
        ],
        [
            0.275737,
            0.42581,
            -3.853158
        ],
        [
            0.275737,
            1.46164,
            -3.853158
        ],
        [
            7.229979,
            -0.461844,
            2.603559
        ],
        [
            7.229979,
            1.840469,
            2.603559
        ],
        [
            8.116217,
            -0.461844,
            0.000477
        ],
        [
            8.116217,
            1.840469,
            0.000477
        ],
        [
            9.883974,
            -0.461844,
            3.507131
        ],
        [
            9.883974,
            1.840469,
            3.507131
        ],
        [
            10.770212,
            -0.461844,
            0.904049
        ],
        [
            10.770212,
            1.840469,
            0.904049
        ],
        [
            -0.892064,
            2.716571,
            3.136001
        ],
        [
            -0.479834,
            2.716571,
            1.925187
        ],
        [
            -6.098227,
            2.71657,
            1.363525
        ],
        [
            -5.685997,
            2.71657,
            0.152711
        ],
        [
            -0.892064,
            -1.337945,
            3.136001
        ],
        [
            -0.479834,
            -1.337945,
            1.925187
        ],
        [
            -6.098227,
            -1.337946,
            1.363525
        ],
        [
            -5.685997,
            -1.337946,
            0.152711
        ],
        [
            1.460245,
            2.716571,
            -3.773262
        ],
        [
            1.872475,
            2.716571,
            -4.984075
        ],
        [
            -3.745918,
            2.71657,
            -5.545738
        ],
        [
            -3.333688,
            2.71657,
            -6.756551
        ],
        [
            1.460245,
            -1.337945,
            -3.773262
        ],
        [
            1.872475,
            -1.337945,
            -4.984075
        ],
        [
            -3.745918,
            -1.337946,
            -5.545738
        ],
        [
            -3.333688,
            -1.337946,
            -6.756551
        ],
        [
            4.6086,
            2.716571,
            -2.785666
        ],
        [
            5.020831,
            2.716571,
            -3.996479
        ],
        [
            2.979226,
            2.716571,
            -3.340398
        ],
        [
            3.391457,
            2.716571,
            -4.551211
        ],
        [
            4.608601,
            -1.337946,
            -2.785666
        ],
        [
            5.020831,
            -1.337946,
            -3.996479
        ],
        [
            2.979227,
            -1.337946,
            -3.340398
        ],
        [
            3.391457,
            -1.337946,
            -4.551211
        ]
    ],
    "num_edge": 8,
    "edge": [
        {
            "num_face": 6,
            "topology": [
                [
                    0,
                    1,
                    3,
                    2
                ],
                [
                    2,
                    3,
                    7,
                    6
                ],
                [
                    6,
                    7,
                    5,
                    4
                ],
                [
                    4,
                    5,
                    1,
                    0
                ],
                [
                    2,
                    6,
                    4,
                    0
                ],
                [
                    7,
                    3,
                    1,
                    5
                ]
            ]
        },
        {
            "num_face": 6,
            "topology": [
                [
                    8,
                    9,
                    11,
                    10
                ],
                [
                    10,
                    11,
                    15,
                    14
                ],
                [
                    14,
                    15,
                    13,
                    12
                ],
                [
                    12,
                    13,
                    9,
                    8
                ],
                [
                    10,
                    14,
                    12,
                    8
                ],
                [
                    15,
                    11,
                    9,
                    13
                ]
            ]
        },
        {
            "num_face": 6,