{
    "num_pts": 52,
    "pts": [
        [
            -5.528502,
            -0.102008,
            0.586688
        ],
        [
            -5.528502,
            1.909982,
            0.586688
        ],
        [
            -2.63476,
            -0.102008,
            -5.574866
        ],
        [
            -2.63476,
            1.909982,
            -5.574866
        ],
        [
            2.48204,
            -0.102008,
            4.348797
        ],
        [
            2.48204,
            1.909982,
            4.348797
        ],
        [
            5.375782,
            -0.102008,
            -1.812758
        ],
        [
            5.375782,
            1.909982,
            -1.812758
        ],
        [
            2.769081,
            -0.882391,
            3.41618
        ],
        [
            2.769081,
            4.19226,
            3.41618
        ],
        [
            4.926304,
            -0.882391,
            -1.177129
        ],
        [
            4.926304,
            4.19226,
            -1.177129
        ],
        [
            7.362389,
            -0.882391,
            5.573402
        ],
        [
            7.362389,
            4.19226,
            5.573402
        ],
        [
            9.519612,
            -0.882391,
            0.980095
        ],
        [
            9.519612,
            4.19226,
            0.980095
        ],
        [
            -3.079463,
            0.101564,
            3.998736
        ],
        [
            -3.079463,
            1.399724,
            3.998736
        ],
        [
            -2.090803,
            0.101564,
            1.893617
        ],
        [
            -2.090803,
            1.399724,
            1.893617
        ],
        [
            3.68764,
            0.101564,
            7.176878
        ],
        [
            3.68764,
            1.399724,
            7.176878
        ],
        [
            4.6763,
            0.101564,
            5.071758
        ],
        [
            4.6763,
            1.399724,
            5.071758
        ],
        [
            3.766384,
            0.174633,
            -1.87356
        ],
        [
            3.766384,
            1.472794,
            -1.87356
        ],
        [
            4.755043,
            0.174633,
            -3.97868
        ],
        [
            4.755043,
            1.472794,
            -3.97868
        ],
        [
            12.225266,
            0.174633,
            2.09911
        ],
        [
            12.225266,
            1.472794,
            2.09911
        ],
        [
            13.213924,
            0.174633,
            -0.006011
        ],
        [
            13.213924,
            1.472794,
            -0.006011
        ],
        [
            -9.370133,
            0.171398,
            0.037191
        ],
        [
            -9.370133,
            1.207228,
            0.037191
        ],
        [
            -8.638447,
            0.171398,
            -1.520763
        ],
        [
            -8.638447,
            1.207228,
            -1.520763
        ],
        [
            -5.7002,
            0.171398,
            1.76076
        ],
        [
            -5.7002,
            1.207228,
            1.76076
        ],
        [
            -4.968513,
            0.171398,
            0.202806
        ],
        [
            -4.968513,
            1.207228,
            0.202806
        ],
        [
            -6.180833,
            0.124177,
            -6.753686
        ],
        [
            -6.180833,
            1.160007,
            -6.753686
        ],
        [
            -5.449147,
            0.124177,
            -8.311642
        ],
        [
            -5.449147,
            1.160007,
            -8.311642
        ],
        [
            -2.510898,
            0.124177,
            -5.03012
        ],
        [
            -2.510898,
            1.160007,
            -5.03012
        ],
        [
            -1.779212,
            0.124177,
            -6.588075
        ],
        [
            -1.779212,
            1.160007,
            -6.588075
        ],
        [
            -10.298155,
            1.77847,
            -3.170147
        ],
        [
            0.56361,
            1.77847,
            1.931035
        ],
        [
            -8.597761,
            1.77847,
            -6.790736
        ],
        [
            2.264004,
            1.77847,
            -1.689553
        ]
    ],
    "num_edge": 7,
    "edge": [
        {
            "num_face": 6,
            "topology": [
                [
                    0,
                    1,
                    3,
                    2
                ],
                [
                    2,
                    3,
                    7,
                    6
                ],
                [
                    6,
                    7,
                    5,
                    4
                ],
                [
                    4,
                    5,
                    1,
                    0
                ],
                [
                    2,
                    6,
                    4,
                    0
                ],
                [
                    7,
                    3,
                    1,
                    5
                ]
            ]
        },
        {
            "num_face": 6,
            "topology": [
                [
                    8,
                    9,
                    11,
                    10
                ],
                [
                    10,
                    11,
                    15,
                    14
                ],
                [
                    14,
                    15,
                    13,
                    12
                ],
                [
                    12,
                    13,
                    9,
                    8
                ],
                [
                    10,
                    14,
                    12,
                    8
                ],
                [
                    15,
                    11,
                    9,
                    13
                ]
            ]
        },
        {
            "num_face": 6,
            "topology": [
                [
                    16,
                    17,
                    19,
                    18
                ],
                [
                    18,
                    19,
                    23,
                    22
                ],
                [
                    22,
                    23,
                    21,
                    20
                ],
                [
                    20,
                    21,
                    17,
                    16
                ],
                [
                    18,
                    22,
                    20,
                    16
                ],
                [
                    23,
                    19,
                    17,
                    21
                ]
            ]
        },
        {
            "num_face": 6,